user,date,first_products_of_day
ueS+9ZDCNqLyXkQM4T43+Q==,2021-10-16,mOO2EL3yQ88Em4c0t18KKQ==
null,2021-10-16,32+FaHoNWCC6oaBpoE7/LQ==
0HTH1RCgoT1Yo6tgC/Ir9w==,2021-10-16,qC5fBTm4RhN+s6FtN14kvA==
OYH0RIH7SMyhxTEfD1oeYg==,2021-10-16,vbc/rNHfIEDFgKL0lB+HFw==
Ta8M3btkvswuJZCz7Dm6kw==,2021-10-16,QYndocQnDCRwPkrDKjtZyw==
gY110fKF+a+mCdvIUN4QmA==,2021-10-16,QYndocQnDCRwPkrDKjtZyw==
Ejsf09coUD+miJk00QbkjA==,2021-10-16,1+hkkFYq5v1oS0bMw4IQ1Q==
v97/Qjr/g4m/e+5dz3lgig==,2021-10-16,+JlcNU56Y1DG/9UCca+Nlg==
TkzDcbC/hxcKm14Z2nL4nQ==,2021-10-16,+JlcNU56Y1DG/9UCca+Nlg==
raHqXwA0IqXFwsdM1i9oyw==,2021-10-16,QOfgVCEiPNSmrULDE14h/Q==
